{
  "project_info": {
    "project_number": "96415428063",
    "project_id": "nutriscan2-7078f",
    "storage_bucket": "nutriscan2-7078f.appspot.com"
  },
  "client": [
    {
      "client_info": {
        "mobilesdk_app_id": "1:96415428063:android:5f4801e4afdb3c4c80286a",
        "android_client_info": {
          "package_name": "com.ardyan.capstonenutriscan"
        }
      },
      "oauth_client": [
        {
          "client_id": "96415428063-rs5baqs9vdvpa8r8gf5ro141a440hlaj.apps.googleusercontent.com",
          "client_type": 1,
          "android_info": {
            "package_name": "com.ardyan.capstonenutriscan",
            "certificate_hash": "1400cc5c39a412d54c6b9f80285589f418980e9f"
          }
        },
        {
          "client_id": "96415428063-tilq7igv78h122tfbup0v7qpeh2ogmpq.apps.googleusercontent.com",
          "client_type": 3
        }
      ],
      "api_key": [
        {
          "current_key": "AIzaSyBve6nmU5WsTauNWlmrZKF5G7yFO3ixtMc"
        }
      ],
      "services": {
        "appinvite_service": {
          "other_platform_oauth_client": [
            {
              "client_id": "96415428063-tilq7igv78h122tfbup0v7qpeh2ogmpq.apps.googleusercontent.com",
              "client_type": 3
            }
          ]
        }
      }
    }
  ],
  "configuration_version": "1"
}